[{"id":"1","name": "The Godfather", "price": 10, "author": "Mario Puzo"},
    {"id":"2","name": "The Fellowship of the Ring", "price": 15, "author": "J.R.R. Tolkien"},
    {"id":"3","name": "Harry Potter and the Deathly Hallows", "price": 20, "author": "J.K. Rowling  "},
    {"id":"4","name": "Harry Potter and the Deathly Hallows", "price": 20, "author": "J.K. Rowling  "},
    {"id":"5","name": "Harry Potter and the Deathly Hallows", "price": 20, "author": "J.K. Rowling  "},
    {"id":"6","name": "Harry Potter and the Deathly Hallows", "price": 20, "author": "J.K. Rowling  "},
    {"id":"7","name": "Harry Potter and the Deathly Hallows", "price": 20, "author": "J.K. Rowling  "},
    {"id":"8","name": "Harry Potter and the Deathly Hallows", "price": 20, "author": "J.K. Rowling  "},
    {"id":"9","name": "Harry Potter and the Deathly Hallows", "price": 20, "author": "J.K. Rowling  "},
    {"id":"10","name": "Harry Potter and the Deathly Hallows", "price": 20, "author": "J.K. Rowling  "},
    {"id":"11","name": "Harry Potter and the Deathly Hallows", "price": 20, "author": "J.K. Rowling  "},
    {"id":"12","name": "Harry Potter and the Deathly Hallows", "price": 20, "author": "J.K. Rowling  "},
    {"id":"13","name": "Harry Potter and the Deathly Hallows", "price": 20, "author": "J.K. Rowling  "},
    {"id":"14","name": "Harry Potter and the Deathly Hallows", "price": 20, "author": "J.K. Rowling  "},
    {"id":"15","name": "Harry Potter and the Deathly Hallows", "price": 20, "author": "J.K. Rowling  "},
    {"id":"16","name": "Harry Potter and the Deathly Hallows", "price": 20, "author": "J.K. Rowling  "},
    {"id":"17","name": "Harry Potter and the Deathly Hallows", "price": 20, "author": "J.K. Rowling  "},
    {"id":"18","name": "Harry Potter and the Deathly Hallows", "price": 20, "author": "J.K. Rowling  "},
    {"id":"19","name": "Harry Potter and the Deathly Hallows", "price": 20, "author": "J.K. Rowling  "},
    {"id":"20","name": "Harry Potter and the Deathly Hallows", "price": 20, "author": "J.K. Rowling  "},
    {"id":"21","name": "Harry Potter and the Deathly Hallows", "price": 20, "author": "J.K. Rowling  "},
    {"id":"22","name": "Harry Potter and the Deathly Hallows", "price": 20, "author": "J.K. Rowling  "},
    {"id":"23","name": "Harry Potter and the Deathly Hallows", "price": 20, "author": "J.K. Rowling  "},
    {"id":"24","name": "Harry Potter and the Deathly Hallows", "price": 20, "author": "J.K. Rowling  "},
    {"id":"26","name": "Harry Potter and the Deathly Hallows", "price": 20, "author": "J.K. Rowling  "},
    {"id":"27","name": "Harry Potter and the Deathly Hallows", "price": 20, "author": "J.K. Rowling  "},
    {"id":"28","name": "Harry Potter and the Deathly Hallows", "price": 20, "author": "J.K. Rowling  "},
    {"id":"29","name": "Harry Potter and the Deathly Hallows", "price": 20, "author": "J.K. Rowling  "},
    {"id":"30","name": "Harry Potter and the Deathly Hallows", "price": 20, "author": "J.K. Rowling  "},
    {"id":"31","name": "Harry Potter and the Deathly Hallows", "price": 20, "author": "J.K. Rowling  "},
    {"id":"32","name": "Harry Potter and the Deathly Hallows", "price": 20, "author": "J.K. Rowling  "},
    {"id":"33","name": "Harry Potter and the Deathly Hallows", "price": 20, "author": "J.K. Rowling  "},
    {"id":"34","name": "Harry Potter and the Deathly Hallows", "price": 20, "author": "J.K. Rowling  "},
    {"id":"35","name": "Harry Potter and the Deathly Hallows", "price": 20, "author": "J.K. Rowling  "},
    {"id":"36","name": "Harry Potter and the Deathly Hallows", "price": 20, "author": "J.K. Rowling  "},
    {"id":"37","name": "Harry Potter and the Deathly Hallows", "price": 20, "author": "J.K. Rowling  "},
    {"id":"38","name": "Harry Potter and the Deathly Hallows", "price": 20, "author": "J.K. Rowling  "},
    {"id":"39","name": "Harry Potter and the Deathly Hallows", "price": 20, "author": "J.K. Rowling  "},
    {"id":"40","name": "Harry Potter and the Deathly Hallows", "price": 20, "author": "J.K. Rowling  "}
]